cfg,sentido,n_gps,n_veh,gps_med,gps_p90,frac_far
658/ida,ida,58420,15,2.1,6.0,0.2
658/volta,volta,58405,22,2.5,7.0,0.2
338/volta,volta,59179,76,2.7,8.0,0.9
603/ida,ida,59166,56,3.3,10.9,0.0
021/circular,circular,59792,106,3.7,10.0,2.6
505/volta,volta,58881,68,3.8,10.0,0.3
505/ida,ida,59146,57,3.8,11.6,2.1
338/ida,ida,59155,75,3.9,9.3,2.3
506/volta,volta,59352,52,4.0,28.1,3.4
020/circular,circular,59837,85,4.0,9.9,1.4
022/circular,circular,59724,170,4.0,48.3,7.7
307/volta,volta,59459,58,4.2,103.0,10.2
023/circular,circular,59744,152,4.3,36.2,6.8
506/ida,ida,59283,51,4.5,29.4,1.7
307/ida,ida,59528,58,4.5,141.5,12.6
607/volta,volta,59733,38,4.5,231.4,13.3
603/volta,volta,59319,55,4.6,14.9,1.7
303/volta,volta,59602,71,4.7,15.2,0.2
303/ida,ida,59609,63,4.7,20.9,3.5
203/volta,volta,59753,62,5.0,22.6,1.3
607/ida,ida,59743,39,5.3,655.9,19.2
203/ida,ida,59710,72,5.6,16.5,0.1
