cfg,sentido,tipo,v_low,v_rich,ganho,cl,gps_med,frac_far,n_veh,n90,teto
505/volta,volta,ida/volta,55.706880999999996,98.7475,43.04061900000001,funciona,3.8,0.3,68,5.0,99.4324665
307/volta,volta,ida/volta,13.272727,98.425,85.152273,funciona,4.2,10.2,58,5.0,98.75498
338/volta,volta,ida/volta,75.9,98.025,22.125,funciona,2.7,0.9,76,5.0,98.025
338/ida,ida,ida/volta,67.330677,97.9875,30.656823000000003,funciona,3.9,2.3,75,10.0,98.15
658/volta,volta,ida/volta,77.115487,97.59,20.474513,funciona,2.5,0.2,22,5.0,98.33
020/circular,circular,circular,96.66234349999999,97.2175,0.5551565000000096,funciona,4.0,1.4,85,1.0,98.1175
506/volta,volta,ida/volta,42.165584499999994,97.09,54.92441550000001,funciona,4.0,3.4,52,20.0,97.09
021/circular,circular,circular,95.494373,96.9575,1.463127,funciona,3.7,2.6,106,1.0,98.1825
603/volta,volta,ida/volta,92.21968,96.11500000000001,3.8953200000000123,funciona,4.6,1.7,55,1.0,96.115
022/circular,circular,circular,94.9960245,95.89,0.8939754999999963,funciona,4.0,7.7,170,1.0,97.655
603/ida,ida,ida/volta,96.287703,95.655,-0.6327029999999922,funciona,3.3,0.0,56,1.0,98.074145
506/ida,ida,ida/volta,22.709163,95.205,72.495837,funciona,4.5,1.7,51,50.0,95.205
505/ida,ida,ida/volta,30.563003,95.195,64.631997,funciona,3.8,2.1,57,20.0,95.195
303/volta,volta,ida/volta,57.0605185,94.005,36.944481499999995,parcial,4.7,0.2,71,10.0,98.33
303/ida,ida,ida/volta,63.493719999999996,92.68,29.18628000000001,parcial,4.7,3.5,63,10.0,96.3175
307/ida,ida,ida/volta,14.491362500000001,91.8175,77.32613749999999,parcial,4.5,12.6,58,100.0,91.8175
023/circular,circular,circular,83.823663,91.5425,7.718837000000008,parcial,4.3,6.8,152,10.0,92.82
203/ida,ida,ida/volta,5.6186115,86.70500000000001,81.08638850000001,limitado pela linha,5.6,0.1,72,10.0,91.063767
203/volta,volta,ida/volta,90.317919,86.06,-4.257919000000001,limitado pela linha,5.0,1.3,62,2.0,98.176761
607/ida,ida,ida/volta,17.5779055,81.265,63.6870945,limitado pela linha,5.3,19.2,39,,84.0054495
607/volta,volta,ida/volta,40.5013195,80.155,39.6536805,limitado pela linha,4.5,13.3,38,,80.155
658/ida,ida,ida/volta,72.5017555,69.0275,-3.474255499999998,limitado pela linha,2.1,0.2,15,10.0,98.0325
