label,n_trips,points,cov
603/ida,1.0,218.0,96.810053
022/circular,1.0,5057.0,97.505
020/circular,1.0,6446.0,98.0675
021/circular,1.0,5855.0,98.1225
307/volta,5.0,1346.0,97.91805149999999
023/circular,10.0,42335.0,92.6
658/ida,10.0,3371.0,96.6925
658/volta,10.0,3347.0,97.195
338/volta,10.0,2475.0,97.7125
303/ida,50.0,17190.0,93.7225
338/ida,100.0,23612.0,99.5775
506/ida,200.0,40572.0,91.825
303/volta,200.0,59457.0,93.1625
506/volta,200.0,41254.0,95.17750000000001
603/volta,200.0,35023.0,95.34
505/volta,200.0,34582.0,97.35
607/volta,,,79.0991385
607/ida,,,81.91216750000001
203/volta,,,85.2784185
203/ida,,,85.935
307/ida,,,87.6225
505/ida,,,89.685
