linha,sentido,n_buses,completed,coverage_pct,mean_gps_dist_m,p95_gps_dist_m,mae_shape_m,route_length_km,angular_samples,meters,increase_meters,runtime_s,run_id
020,circular,2,True,98.03,8.16,8.91,5.02,43.04,360,20.0,1.5,3.44,410881badda7
020,circular,5,True,98.19,23.01,8.65,4.72,45.33,90,5.0,1.25,4.13,15eac17503c3
021,circular,2,True,96.26,25.96,10.33,6.61,43.75,180,5.0,1.5,3.81,027a799de68f
021,circular,5,True,98.28,17.77,7.64,6.05,44.38,360,5.0,1.25,13.15,aa6486e1ff0a
022,circular,2,True,94.48,54.25,16.29,18.34,36.01,90,20.0,1.25,0.62,d8545b9033c0
022,circular,5,True,97.09,45.38,9.33,17.34,37.81,360,5.0,1.5,9.2,bfc8713debdf
023,circular,2,True,93.94,14.25,32.08,16.42,36.91,90,10.0,1.5,1.06,418d6ca67217
023,circular,5,True,93.38,35.68,50.59,12.19,38.37,360,10.0,1.5,5.65,0c42e34c8783
203,ida,1,True,94.66,13.67,16.71,4.86,16.34,360,10.0,1.1,0.79,a55b89b1c893
203,volta,1,True,92.84,7.16,21.53,38.31,16.5,360,5.0,1.25,1.24,ead0b1b46fa0
303,ida,6,True,89.12,29.77,76.69,15.25,18.87,90,10.0,1.5,0.54,3ac675697446
303,volta,3,True,92.19,11.5,60.26,4.33,18.28,90,10.0,1.5,0.48,d30b966d035b
307,ida,1,False,2.7,6177.99,11857.06,69.94,0.54,360,10.0,1.25,0.19,6450a21a0d8c
307,volta,4,False,87.74,88.52,1075.46,25.32,17.68,180,10.0,1.5,1.42,a5f1e26259dc
338,ida,4,False,25.11,1395.29,2637.02,13.67,4.93,180,10.0,1.1,0.21,f68ebdf51a42
338,volta,3,False,33.49,503.14,2214.9,16.23,8.79,360,10.0,1.1,0.59,8dd882ee9ad3
505,ida,5,True,85.65,54.06,210.5,3.81,13.4,90,5.0,1.5,0.55,7272cfb25e3f
505,volta,3,True,85.23,12.39,78.56,8.41,14.39,360,10.0,1.1,0.73,cf94c366c494
506,ida,12,True,94.44,17.9,21.8,7.48,17.77,180,10.0,1.5,1.51,7075efbb04a9
506,volta,9,True,95.32,31.0,14.02,13.95,17.92,90,5.0,1.5,0.84,7bf82fd6428d
545,ida,3,False,4.7,5545.81,9598.99,7.34,1.0,180,5.0,1.1,0.13,a38b7fd17ebf
545,volta,6,False,43.39,2042.23,6002.91,7.84,9.49,360,20.0,1.1,0.99,891a7cba5974
603,ida,3,True,94.06,41.3,24.89,3.12,10.29,360,10.0,1.1,1.16,e3d46ded5d01
603,volta,4,True,93.52,7.24,26.91,3.96,10.13,360,5.0,1.1,2.22,cfb17f13a6c1
607,ida,10,True,72.54,188.63,1298.54,207.17,27.43,90,10.0,1.5,0.9,4377ca7221d5
607,volta,1,True,75.01,33.11,203.13,16.3,26.01,360,5.0,1.5,0.72,d0017e65bcc5
658,ida,3,True,54.21,82.27,279.87,9.76,12.08,90,10.0,1.25,0.34,32b769827ed5
658,volta,3,True,46.92,127.54,509.95,9.11,11.05,90,5.0,1.5,0.39,8faf81a348b4
707,ida,2,False,32.8,5238.27,12314.49,26.1,6.78,360,20.0,1.5,0.38,0c885a03e578
707,volta,2,False,2.77,8471.21,16314.14,74.08,1.24,180,20.0,1.1,0.1,6a0eed6ea41e
924,ida,1,False,62.89,444.05,2541.82,6.1,17.95,360,20.0,1.5,1.41,a928028e82f6
924,volta,1,False,9.17,2458.94,6010.7,1848.51,10.99,360,10.0,1.1,0.15,71f140d2127f
