config,cov15,gps_med,gps_p90,frac_far,start_gap,shape_cov30,ratio,mae,ok,stop
607/volta,82.3,4.7,524.4,16.0,34.0,66.0,1.03,239.0,1,chegada_destino
607/ida,86.7,4.7,22.2,7.4,149.0,93.7,1.0,9.0,1,chegada_destino
023/circular,93.9,4.3,18.7,5.6,5163.0,91.2,1.0,12.0,1,loop_fechado
307/ida,94.7,4.5,117.4,11.6,105.0,89.3,1.01,23.0,1,chegada_destino
505/ida,95.8,3.7,11.3,2.8,129.0,97.3,1.16,7.0,1,chegada_destino
506/ida,97.0,4.5,29.3,1.6,129.0,91.9,1.07,9.0,1,chegada_destino
303/ida,97.2,3.9,16.2,3.8,133.0,93.9,1.22,9.0,1,chegada_destino
022/circular,97.8,4.2,32.5,6.9,3764.0,88.7,1.08,18.0,1,loop_fechado
603/volta,97.8,5.4,13.6,1.7,117.0,96.8,1.08,9.0,1,chegada_destino
506/volta,97.9,4.0,28.2,3.5,43.0,92.1,1.14,13.0,1,chegada_destino
203/ida,98.1,5.2,11.9,0.1,78.0,98.4,1.13,6.0,1,chegada_destino
338/volta,98.4,2.7,8.1,0.8,127.0,95.2,0.99,4.0,1,chegada_destino
658/ida,98.4,2.0,5.6,0.2,79.0,98.3,1.14,2.0,1,chegada_destino
338/ida,98.5,3.8,9.3,2.4,108.0,97.8,1.07,7.0,1,chegada_destino
021/circular,98.5,3.7,9.3,1.9,3436.0,97.8,1.08,5.0,1,loop_fechado
203/volta,98.6,3.5,10.6,0.0,88.0,97.5,1.03,6.0,1,chegada_destino
303/volta,98.8,4.0,11.3,0.0,103.0,98.6,1.23,6.0,1,chegada_destino
020/circular,98.8,3.9,9.5,0.8,6453.0,99.6,1.1,4.0,1,loop_fechado
307/volta,98.9,4.3,100.1,10.0,138.0,85.1,1.04,30.0,1,chegada_destino
603/ida,99.3,4.5,10.8,0.0,105.0,96.7,0.95,5.0,1,chegada_destino
658/volta,99.3,2.2,6.1,0.3,144.0,97.5,1.04,3.0,1,chegada_destino
505/volta,99.6,3.8,9.6,0.0,67.0,98.1,1.03,4.0,1,chegada_destino
