pipeline,modelo,cfg,n_trips,n_pings,cov15,cov10,cov5,ok,stop,n_steps,runtime_s
baseline,M0_fail10_arr80_1d,020/circular,20,59769,98.575,97.33000000000001,84.365,True,loop_fechado,4882,0.8809070421848446
baseline,M1_fail1_arr80_1d,020/circular,20,59769,98.575,97.33000000000001,84.365,True,loop_fechado,4882,0.7647312078624964
baseline,M2_fail1_arr40_1d,020/circular,20,59769,98.575,97.33000000000001,84.365,True,loop_fechado,4882,0.7941545830108225
baseline,M3_fail1_arr25_1d,020/circular,20,59769,98.575,97.33000000000001,84.365,True,loop_fechado,4882,0.8793339170515537
baseline,M4_fail1_arr25_d1,020/circular,20,59769,98.48,97.52499999999999,85.87,True,loop_fechado,4576,0.728705083951354
baseline,M0_fail10_arr80_1d,020/circular,200,59782,97.57000000000001,96.065,82.825,True,loop_fechado,4906,0.7607619580812752
baseline,M1_fail1_arr80_1d,020/circular,200,59782,97.57000000000001,96.065,82.825,True,loop_fechado,4906,0.826197458198294
baseline,M2_fail1_arr40_1d,020/circular,200,59782,97.57000000000001,96.065,82.825,True,loop_fechado,4906,0.8230777911376208
baseline,M3_fail1_arr25_1d,020/circular,200,59782,97.57000000000001,96.065,82.825,True,loop_fechado,4906,0.8169903750531375
baseline,M4_fail1_arr25_d1,020/circular,200,59782,97.50999999999999,96.48,84.135,True,loop_fechado,4623,0.7470262919086963
baseline,M0_fail10_arr80_1d,303/ida,20,7095,90.55673009161382,85.77871740662438,69.72515856236787,True,chegada_destino,2294,0.14350829203613102
baseline,M1_fail1_arr80_1d,303/ida,20,7095,51.88160676532769,50.72586328400281,44.989429175475685,False,passos_sem_dados,1284,0.07870674994774163
baseline,M2_fail1_arr40_1d,303/ida,20,7095,51.88160676532769,50.72586328400281,44.989429175475685,False,passos_sem_dados,1284,0.10919991694390774
baseline,M3_fail1_arr25_1d,303/ida,20,7095,51.88160676532769,50.72586328400281,44.989429175475685,False,passos_sem_dados,1284,0.0817751248832792
baseline,M4_fail1_arr25_d1,303/ida,20,7095,85.00352360817477,77.23749119097957,47.37138830162086,True,chegada_destino,2097,0.1131210420280695
baseline,M0_fail10_arr80_1d,303/ida,200,59411,92.93,88.965,72.43,True,chegada_destino,2451,0.525298957945779
baseline,M1_fail1_arr80_1d,303/ida,200,59411,92.93,88.965,72.43,True,chegada_destino,2451,0.47974708396941423
baseline,M2_fail1_arr40_1d,303/ida,200,59411,92.95,88.995,72.45,True,chegada_destino,2457,0.48037300002761185
baseline,M3_fail1_arr25_1d,303/ida,200,59411,92.955,88.995,72.455,True,chegada_destino,2458,0.5267499580513686
baseline,M4_fail1_arr25_d1,303/ida,200,59411,92.335,88.56,67.81,True,chegada_destino,2118,0.5148292910307646
baseline,M0_fail10_arr80_1d,303/volta,20,6872,63.41676367869616,59.458672875436555,46.085564610011645,False,passos_sem_dados,1557,0.0901930839754641
baseline,M1_fail1_arr80_1d,303/volta,20,6872,63.41676367869616,59.458672875436555,46.085564610011645,False,passos_sem_dados,1546,0.09056716691702604
baseline,M2_fail1_arr40_1d,303/volta,20,6872,63.41676367869616,59.458672875436555,46.085564610011645,False,passos_sem_dados,1546,0.09075708291493356
baseline,M3_fail1_arr25_1d,303/volta,20,6872,63.41676367869616,59.458672875436555,46.085564610011645,False,passos_sem_dados,1546,0.09317833301611245
baseline,M4_fail1_arr25_d1,303/volta,20,6872,61.20488940628638,56.18451688009313,36.05937136204889,False,passos_sem_dados,1456,0.08835170813836157
baseline,M0_fail10_arr80_1d,303/volta,200,59451,92.38,87.385,68.78999999999999,True,chegada_destino,2487,0.5672235419042408
baseline,M1_fail1_arr80_1d,303/volta,200,59451,92.38,87.385,68.78999999999999,True,chegada_destino,2487,0.5467412921134382
baseline,M2_fail1_arr40_1d,303/volta,200,59451,92.55,87.555,68.94,True,chegada_destino,2491,0.6303497080225497
baseline,M3_fail1_arr25_1d,303/volta,200,59451,92.58999999999999,87.58500000000001,68.955,True,chegada_destino,2493,0.6192459580488503
baseline,M4_fail1_arr25_d1,303/volta,200,59451,90.96,85.955,62.995000000000005,True,chegada_destino,2069,0.4379218330141157
baseline,M0_fail10_arr80_1d,603/ida,20,4053,92.74611398963731,89.11917098445595,69.2326671601283,True,chegada_destino,1097,0.0578082911670208
baseline,M1_fail1_arr80_1d,603/ida,20,4053,92.74611398963731,89.11917098445595,69.2326671601283,True,chegada_destino,1097,0.05775595805607736
baseline,M2_fail1_arr40_1d,603/ida,20,4053,93.97976807303232,90.18011349617568,70.09622501850481,True,chegada_destino,1101,0.06282312492839992
baseline,M3_fail1_arr25_1d,603/ida,20,4053,93.97976807303232,90.42684431285467,70.39230199851961,True,chegada_destino,1102,0.0682200831361115
baseline,M4_fail1_arr25_d1,603/ida,20,4053,93.09153713298791,88.18159388107574,57.11818406118925,True,chegada_destino,1079,0.0594887079205364
baseline,M0_fail10_arr80_1d,603/ida,200,34071,92.215,86.265,66.09,True,chegada_destino,1082,0.24088258296251297
baseline,M1_fail1_arr80_1d,603/ida,200,34071,92.215,86.265,66.09,True,chegada_destino,1082,0.17124387482181191
baseline,M2_fail1_arr40_1d,603/ida,200,34071,92.82000000000001,86.87,66.705,True,chegada_destino,1086,0.18059666687622666
baseline,M3_fail1_arr25_1d,603/ida,200,34071,92.985,87.09,66.88,True,chegada_destino,1088,0.17929074983112514
baseline,M4_fail1_arr25_d1,603/ida,200,34071,91.79,86.66,66.045,True,chegada_destino,996,0.15740324999205768
baseline,M0_fail10_arr80_1d,338/ida,20,5085,77.77777777777779,76.46017699115045,66.4700098328417,False,passos_sem_dados,1397,0.10805962490849197
baseline,M1_fail1_arr80_1d,338/ida,20,5085,77.69911504424779,76.36184857423795,66.3520157325467,False,passos_sem_dados,1376,0.09760208381339908
baseline,M2_fail1_arr40_1d,338/ida,20,5085,77.69911504424779,76.36184857423795,66.3520157325467,False,passos_sem_dados,1376,0.13166437507607043
baseline,M3_fail1_arr25_1d,338/ida,20,5085,77.69911504424779,76.36184857423795,66.3520157325467,False,passos_sem_dados,1376,0.09253854118287563
baseline,M4_fail1_arr25_d1,338/ida,20,5085,14.591937069813177,13.510324483775813,10.678466076696164,False,passos_sem_dados,246,0.016717332880944014
baseline,M0_fail10_arr80_1d,338/ida,200,46060,99.27,98.55000000000001,90.53999999999999,True,chegada_destino,1478,0.27345474995672703
baseline,M1_fail1_arr80_1d,338/ida,200,46060,99.27,98.55000000000001,90.53999999999999,True,chegada_destino,1478,0.32440491602756083
baseline,M2_fail1_arr40_1d,338/ida,200,46060,99.30499999999999,98.61999999999999,90.635,True,chegada_destino,1484,0.3141490831039846
baseline,M3_fail1_arr25_1d,338/ida,200,46060,99.35000000000001,98.63499999999999,90.635,True,chegada_destino,1486,0.366529667051509
baseline,M4_fail1_arr25_d1,338/ida,200,46060,99.21,98.1,84.685,True,chegada_destino,1424,0.2909494999330491
baseline,M0_fail10_arr80_1d,607/ida,20,7117,73.8372909933961,70.98496557538289,58.24083181115639,True,chegada_destino,2585,0.13643187494017184
baseline,M1_fail1_arr80_1d,607/ida,20,7117,73.8372909933961,70.98496557538289,58.24083181115639,True,chegada_destino,2585,0.1329339169897139
baseline,M2_fail1_arr40_1d,607/ida,20,7117,73.99185049880568,71.1535759449206,58.36728958830968,True,chegada_destino,2589,0.13131712493486702
baseline,M3_fail1_arr25_1d,607/ida,20,7117,74.07615568357454,71.23788112968947,58.45159477307854,True,chegada_destino,2591,0.13255424983799458
baseline,M4_fail1_arr25_d1,607/ida,20,7117,66.86806238583672,59.42110439792047,33.216242798932136,False,passos_sem_dados,2153,0.11375058302655816
baseline,M0_fail10_arr80_1d,607/ida,200,59762,81.77,79.5,65.375,True,chegada_destino,3159,0.6331983339041471
baseline,M1_fail1_arr80_1d,607/ida,200,59762,81.77,79.5,65.375,True,chegada_destino,3159,0.5809440840967
baseline,M2_fail1_arr40_1d,607/ida,200,59762,81.915,79.63,65.46499999999999,True,chegada_destino,3163,0.5960727499332279
baseline,M3_fail1_arr25_1d,607/ida,200,59762,82.015,79.745,65.57,True,chegada_destino,3165,0.5944549590349197
baseline,M4_fail1_arr25_d1,607/ida,200,59762,82.065,79.67999999999999,61.42999999999999,True,chegada_destino,3053,0.5570566670503467
sem_filtros,M0_fail10_arr80_1d,020/circular,20,59772,98.68,97.49,84.68,True,loop_fechado,4857,0.7939389999955893
sem_filtros,M1_fail1_arr80_1d,020/circular,20,59772,98.68,97.49,84.68,True,loop_fechado,4857,0.754996124887839
sem_filtros,M2_fail1_arr40_1d,020/circular,20,59772,98.68,97.49,84.68,True,loop_fechado,4857,0.9892345000989735
sem_filtros,M3_fail1_arr25_1d,020/circular,20,59772,98.68,97.49,84.68,True,loop_fechado,4857,0.9646214998792857
sem_filtros,M4_fail1_arr25_d1,020/circular,20,59772,98.69,97.61999999999999,86.575,True,loop_fechado,4579,0.7497660841327161
sem_filtros,M0_fail10_arr80_1d,020/circular,200,59837,97.595,96.21,82.93,True,loop_fechado,4908,0.8399630831554532
sem_filtros,M1_fail1_arr80_1d,020/circular,200,59837,97.595,96.21,82.93,True,loop_fechado,4908,0.7967906252015382
sem_filtros,M2_fail1_arr40_1d,020/circular,200,59837,97.595,96.21,82.93,True,loop_fechado,4908,0.7650807499885559
sem_filtros,M3_fail1_arr25_1d,020/circular,200,59837,97.595,96.21,82.93,True,loop_fechado,4908,0.7767262919805944
sem_filtros,M4_fail1_arr25_d1,020/circular,200,59837,97.595,96.475,84.34,True,loop_fechado,4618,0.7929836669936776
sem_filtros,M0_fail10_arr80_1d,303/ida,20,7098,90.5184559030713,85.74246266553959,69.69568892645816,True,chegada_destino,2294,0.13392033288255334
sem_filtros,M1_fail1_arr80_1d,303/ida,20,7098,51.8596787827557,50.70442378134686,44.97041420118343,False,passos_sem_dados,1284,0.07493720785714686
sem_filtros,M2_fail1_arr40_1d,303/ida,20,7098,51.8596787827557,50.70442378134686,44.97041420118343,False,passos_sem_dados,1284,0.07547316700220108
sem_filtros,M3_fail1_arr25_1d,303/ida,20,7098,51.8596787827557,50.70442378134686,44.97041420118343,False,passos_sem_dados,1284,0.07567691709846258
sem_filtros,M4_fail1_arr25_d1,303/ida,20,7098,84.78444632290785,76.92307692307693,47.295012679628066,True,chegada_destino,2078,0.1223076251335442
sem_filtros,M0_fail10_arr80_1d,303/ida,200,59427,92.71000000000001,88.495,70.99499999999999,True,chegada_destino,2357,0.4469230829272419
sem_filtros,M1_fail1_arr80_1d,303/ida,200,59427,92.71000000000001,88.495,70.99499999999999,True,chegada_destino,2357,0.4414214170537889
sem_filtros,M2_fail1_arr40_1d,303/ida,200,59427,92.73,88.52,71.00999999999999,True,chegada_destino,2361,0.4557162078563124
sem_filtros,M3_fail1_arr25_1d,303/ida,200,59427,92.73,88.52,71.00999999999999,True,chegada_destino,2362,0.4500875829253346
sem_filtros,M4_fail1_arr25_d1,303/ida,200,59427,92.485,88.75999999999999,68.12,True,chegada_destino,2109,0.4392500000540167
sem_filtros,M0_fail10_arr80_1d,303/volta,20,6874,94.67558917660752,90.12219959266803,71.16671515856852,True,chegada_destino,2178,0.12731770798563957
sem_filtros,M1_fail1_arr80_1d,303/volta,20,6874,94.67558917660752,90.12219959266803,71.16671515856852,True,chegada_destino,2178,0.12912904098629951
sem_filtros,M2_fail1_arr40_1d,303/volta,20,6874,94.79196974105324,90.22403258655804,71.25400058190282,True,chegada_destino,2182,0.12033991701900959
sem_filtros,M3_fail1_arr25_1d,303/volta,20,6874,94.82106488216468,90.25312772766948,71.29764329356998,True,chegada_destino,2185,0.1169020829256624
sem_filtros,M4_fail1_arr25_d1,303/volta,20,6874,59.45592086121617,54.553389583939484,35.234215885947044,False,passos_sem_dados,1414,0.08227479201741517
sem_filtros,M0_fail10_arr80_1d,303/volta,200,59453,92.645,87.7,68.74,True,chegada_destino,2334,0.4805563751142472
sem_filtros,M1_fail1_arr80_1d,303/volta,200,59453,92.645,87.7,68.74,True,chegada_destino,2334,0.47822679206728935
sem_filtros,M2_fail1_arr40_1d,303/volta,200,59453,92.785,87.815,68.83,True,chegada_destino,2338,0.5348800828214735
sem_filtros,M3_fail1_arr25_1d,303/volta,200,59453,92.815,87.87,68.87,True,chegada_destino,2340,0.45795920793898404
sem_filtros,M4_fail1_arr25_d1,303/volta,200,59453,90.77,85.69,62.73,True,chegada_destino,2083,0.4219625829719007
sem_filtros,M0_fail10_arr80_1d,603/ida,20,4053,92.74611398963731,89.11917098445595,69.2326671601283,True,chegada_destino,1097,0.05672779190354049
sem_filtros,M1_fail1_arr80_1d,603/ida,20,4053,92.74611398963731,89.11917098445595,69.2326671601283,True,chegada_destino,1097,0.055745125049725175
sem_filtros,M2_fail1_arr40_1d,603/ida,20,4053,93.97976807303232,90.18011349617568,70.09622501850481,True,chegada_destino,1101,0.0552608328871429
sem_filtros,M3_fail1_arr25_1d,603/ida,20,4053,93.97976807303232,90.42684431285467,70.39230199851961,True,chegada_destino,1102,0.060042625060305
sem_filtros,M4_fail1_arr25_d1,603/ida,20,4053,93.09153713298791,88.18159388107574,57.11818406118925,True,chegada_destino,1079,0.053426667116582394
sem_filtros,M0_fail10_arr80_1d,603/ida,200,34071,95.33,90.05499999999999,70.41,True,chegada_destino,1214,0.1990282500628382
sem_filtros,M1_fail1_arr80_1d,603/ida,200,34071,95.33,90.05499999999999,70.41,True,chegada_destino,1214,0.18855095794424415
sem_filtros,M2_fail1_arr40_1d,603/ida,200,34071,95.865,90.595,70.92500000000001,True,chegada_destino,1218,0.1934017080347985
sem_filtros,M3_fail1_arr25_1d,603/ida,200,34071,95.975,90.68,71.005,True,chegada_destino,1219,0.19257141696289182
sem_filtros,M4_fail1_arr25_d1,603/ida,200,34071,91.735,86.24000000000001,65.99000000000001,True,chegada_destino,997,0.16328312503173947
sem_filtros,M0_fail10_arr80_1d,338/ida,20,5086,76.11089264648054,74.38065277231615,64.2548171451042,False,passos_sem_dados,1392,0.08348070806823671
sem_filtros,M1_fail1_arr80_1d,338/ida,20,5086,76.11089264648054,74.38065277231615,64.2548171451042,False,passos_sem_dados,1373,0.07514383317902684
sem_filtros,M2_fail1_arr40_1d,338/ida,20,5086,76.11089264648054,74.38065277231615,64.2548171451042,False,passos_sem_dados,1373,0.07749658287502825
sem_filtros,M3_fail1_arr25_1d,338/ida,20,5086,76.11089264648054,74.38065277231615,64.2548171451042,False,passos_sem_dados,1373,0.07653179205954075
sem_filtros,M4_fail1_arr25_d1,338/ida,20,5086,14.589068029885963,13.507668108533228,10.676366496264254,False,passos_sem_dados,246,0.015733000123873353
sem_filtros,M0_fail10_arr80_1d,338/ida,200,46066,99.7,99.41499999999999,91.45,True,chegada_destino,1505,0.2519584170076996
sem_filtros,M1_fail1_arr80_1d,338/ida,200,46066,99.7,99.41499999999999,91.45,True,chegada_destino,1505,0.23665608395822346
sem_filtros,M2_fail1_arr40_1d,338/ida,200,46066,99.75,99.485,91.545,True,chegada_destino,1511,0.2475573339033872
sem_filtros,M3_fail1_arr25_1d,338/ida,200,46066,99.785,99.495,91.55,True,chegada_destino,1513,0.2520161671563983
sem_filtros,M4_fail1_arr25_d1,338/ida,200,46066,97.745,97.03,84.405,True,chegada_destino,1421,0.23967404081486166
sem_filtros,M0_fail10_arr80_1d,607/ida,20,7120,75.18258426966293,72.12078651685393,58.90449438202248,True,chegada_destino,2607,0.13366341614164412
sem_filtros,M1_fail1_arr80_1d,607/ida,20,7120,75.18258426966293,72.12078651685393,58.90449438202248,True,chegada_destino,2607,0.13568479102104902
sem_filtros,M2_fail1_arr40_1d,607/ida,20,7120,75.32303370786518,72.24719101123596,59.002808988764045,True,chegada_destino,2610,0.15205116686411202
sem_filtros,M3_fail1_arr25_1d,607/ida,20,7120,75.43539325842697,72.37359550561798,59.087078651685395,True,chegada_destino,2612,0.13321233401075006
sem_filtros,M4_fail1_arr25_d1,607/ida,20,7120,65.94101123595506,59.12921348314607,32.21910112359551,False,passos_sem_dados,2119,0.10890133283101022
sem_filtros,M0_fail10_arr80_1d,607/ida,200,59757,76.685,74.535,61.38,True,chegada_destino,3150,0.5760969580151141
sem_filtros,M1_fail1_arr80_1d,607/ida,200,59757,76.685,74.535,61.38,True,chegada_destino,3150,0.5604024170897901
sem_filtros,M2_fail1_arr40_1d,607/ida,200,59757,76.815,74.65,61.44,True,chegada_destino,3154,0.6531213750131428
sem_filtros,M3_fail1_arr25_1d,607/ida,200,59757,76.9,74.735,61.529999999999994,True,chegada_destino,3156,0.5766908340156078
sem_filtros,M4_fail1_arr25_d1,607/ida,200,59757,76.78,74.69,57.38999999999999,True,chegada_destino,2946,0.5654319580644369
so_terminal,M0_fail10_arr80_1d,020/circular,20,59837,95.8,93.92,80.13,True,loop_fechado,4912,0.9589570830576122
so_terminal,M1_fail1_arr80_1d,020/circular,20,59837,95.8,93.92,80.13,True,loop_fechado,4912,0.7936253331135958
so_terminal,M2_fail1_arr40_1d,020/circular,20,59837,95.8,93.92,80.13,True,loop_fechado,4912,0.7908526249229908
so_terminal,M3_fail1_arr25_1d,020/circular,20,59837,95.8,93.92,80.13,True,loop_fechado,4912,0.7755501249339432
so_terminal,M4_fail1_arr25_d1,020/circular,20,59837,96.61999999999999,95.025,81.585,True,loop_fechado,4631,0.737603957997635
so_terminal,M0_fail10_arr80_1d,020/circular,200,59835,87.405,85.81,74.02499999999999,False,passos_sem_dados,4519,0.836135207908228
so_terminal,M1_fail1_arr80_1d,020/circular,200,59835,87.405,85.81,74.02499999999999,False,passos_sem_dados,4510,0.8206489169970155
so_terminal,M2_fail1_arr40_1d,020/circular,200,59835,87.405,85.81,74.02499999999999,False,passos_sem_dados,4510,0.7738539578858763
so_terminal,M3_fail1_arr25_1d,020/circular,200,59835,87.405,85.81,74.02499999999999,False,passos_sem_dados,4510,0.7681041669566184
so_terminal,M4_fail1_arr25_d1,020/circular,200,59835,96.37,94.94500000000001,82.66,True,loop_fechado,4622,0.8413721669930965
so_terminal,M0_fail10_arr80_1d,303/ida,20,7824,77.67126789366053,73.58128834355828,57.042433537832316,True,chegada_destino,2551,0.15110474987886846
so_terminal,M1_fail1_arr80_1d,303/ida,20,7824,77.67126789366053,73.58128834355828,57.042433537832316,True,chegada_destino,2551,0.14733491698279977
so_terminal,M2_fail1_arr40_1d,303/ida,20,7824,77.70961145194273,73.61963190184049,57.06799591002045,True,chegada_destino,2559,0.1391948750242591
so_terminal,M3_fail1_arr25_1d,303/ida,20,7824,77.70961145194273,73.61963190184049,57.06799591002045,True,chegada_destino,2559,0.14357162499800324
so_terminal,M4_fail1_arr25_d1,303/ida,20,7824,7.63036809815951,7.298057259713701,5.495910020449898,False,passos_sem_dados,289,0.019186540972441435
so_terminal,M0_fail10_arr80_1d,303/ida,200,59439,23.345,22.96,20.919999999999998,False,passos_sem_dados,856,0.1925404998473823
so_terminal,M1_fail1_arr80_1d,303/ida,200,59439,23.345,22.96,20.9,False,passos_sem_dados,835,0.18951495899818838
so_terminal,M2_fail1_arr40_1d,303/ida,200,59439,23.345,22.96,20.9,False,passos_sem_dados,835,0.19169920892454684
so_terminal,M3_fail1_arr25_1d,303/ida,200,59439,23.345,22.96,20.9,False,passos_sem_dados,835,0.18880720785818994
so_terminal,M4_fail1_arr25_d1,303/ida,200,59439,17.169999999999998,17.0,15.07,False,passos_sem_dados,812,0.1758921251166612
so_terminal,M0_fail10_arr80_1d,303/volta,20,7265,64.59738472126635,61.43152099105299,47.85960082587749,False,passos_sem_dados,1947,0.11446083406917751
so_terminal,M1_fail1_arr80_1d,303/volta,20,7265,64.59738472126635,61.43152099105299,47.85960082587749,False,passos_sem_dados,1938,0.11148158297874033
so_terminal,M2_fail1_arr40_1d,303/volta,20,7265,64.59738472126635,61.43152099105299,47.85960082587749,False,passos_sem_dados,1938,0.11694620782509446
so_terminal,M3_fail1_arr25_1d,303/volta,20,7265,64.59738472126635,61.43152099105299,47.85960082587749,False,passos_sem_dados,1938,0.12201579194515944
so_terminal,M4_fail1_arr25_d1,303/volta,20,7265,24.005505849965587,22.491397109428767,15.705437026841018,False,passos_sem_dados,602,0.04113937495276332
so_terminal,M0_fail10_arr80_1d,303/volta,200,59465,89.42999999999999,84.595,66.405,True,chegada_destino,2710,0.6388722499832511
so_terminal,M1_fail1_arr80_1d,303/volta,200,59465,89.42999999999999,84.595,66.405,True,chegada_destino,2710,0.5498982910066843
so_terminal,M2_fail1_arr40_1d,303/volta,200,59465,89.44,84.60499999999999,66.415,True,chegada_destino,2711,0.5211356251966208
so_terminal,M3_fail1_arr25_1d,303/volta,200,59465,89.455,84.615,66.42,False,passos_sem_dados,2735,0.8169826248195022
so_terminal,M4_fail1_arr25_d1,303/volta,200,59465,90.56,86.14500000000001,63.46000000000001,False,passos_sem_dados,2325,0.6056857090443373
so_terminal,M0_fail10_arr80_1d,603/ida,20,4147,88.738847359537,86.01398601398601,68.36267181094767,True,chegada_destino,1168,0.06616120901890099
so_terminal,M1_fail1_arr80_1d,603/ida,20,4147,88.738847359537,86.01398601398601,68.36267181094767,True,chegada_destino,1168,0.06346695916727185
so_terminal,M2_fail1_arr40_1d,603/ida,20,4147,89.63105859657584,86.80974198215577,69.03785869303111,True,chegada_destino,1172,0.06415362493135035
so_terminal,M3_fail1_arr25_1d,603/ida,20,4147,89.67928623101037,87.0026525198939,69.27899686520375,True,chegada_destino,1174,0.06361491605639458
so_terminal,M4_fail1_arr25_d1,603/ida,20,4147,88.35302628406076,83.43380757173861,53.91849529780565,True,chegada_destino,1118,0.06117708305828273
so_terminal,M0_fail10_arr80_1d,603/ida,200,34594,96.33500000000001,94.81,83.77,False,passos_sem_dados,3743,0.3777963749598712
so_terminal,M1_fail1_arr80_1d,603/ida,200,34594,91.625,88.405,75.325,False,passos_sem_dados,2911,0.2975974581204355
so_terminal,M2_fail1_arr40_1d,603/ida,200,34594,91.625,88.405,75.325,False,passos_sem_dados,2911,0.3023302920628339
so_terminal,M3_fail1_arr25_1d,603/ida,200,34594,91.625,88.405,75.325,False,passos_sem_dados,2911,0.29657824989408255
so_terminal,M4_fail1_arr25_d1,603/ida,200,34594,90.03999999999999,84.69,63.905,False,passos_sem_dados,1091,0.18095849989913404
so_terminal,M0_fail10_arr80_1d,338/ida,20,5282,76.63763725861416,73.36236274138584,58.53843241196517,False,passos_sem_dados,1647,0.09288683300837874
so_terminal,M1_fail1_arr80_1d,338/ida,20,5282,76.63763725861416,73.36236274138584,58.53843241196517,False,passos_sem_dados,1638,0.09250649996101856
so_terminal,M2_fail1_arr40_1d,338/ida,20,5282,76.63763725861416,73.36236274138584,58.53843241196517,False,passos_sem_dados,1638,0.09211070905439556
so_terminal,M3_fail1_arr25_1d,338/ida,20,5282,76.63763725861416,73.36236274138584,58.53843241196517,False,passos_sem_dados,1638,0.101456250064075
so_terminal,M4_fail1_arr25_d1,338/ida,20,5282,18.326391518364257,16.9632714880727,11.586520257478227,False,passos_sem_dados,345,0.02555520902387798
so_terminal,M0_fail10_arr80_1d,338/ida,200,46349,20.035,19.865,17.895,False,passos_sem_dados,502,0.10081541677936912
so_terminal,M1_fail1_arr80_1d,338/ida,200,46349,20.035,19.86,17.835,False,passos_sem_dados,489,0.09567891689948738
so_terminal,M2_fail1_arr40_1d,338/ida,200,46349,20.035,19.86,17.835,False,passos_sem_dados,489,0.09961887495592237
so_terminal,M3_fail1_arr25_1d,338/ida,200,46349,20.035,19.86,17.835,False,passos_sem_dados,489,0.09758141706697643
so_terminal,M4_fail1_arr25_d1,338/ida,200,46349,20.035,19.955000000000002,17.97,False,passos_sem_dados,477,0.09469058294780552
so_terminal,M0_fail10_arr80_1d,607/ida,20,7624,31.04669464847849,29.433368310598112,23.68835257082896,False,passos_sem_dados,1330,0.09024654212407768
so_terminal,M1_fail1_arr80_1d,607/ida,20,7624,30.154774396642182,28.62014690451207,23.071878279118575,False,passos_sem_dados,1217,0.0805070421192795
so_terminal,M2_fail1_arr40_1d,607/ida,20,7624,30.154774396642182,28.62014690451207,23.071878279118575,False,passos_sem_dados,1217,0.07677062507718801
so_terminal,M3_fail1_arr25_1d,607/ida,20,7624,30.154774396642182,28.62014690451207,23.071878279118575,False,passos_sem_dados,1217,0.08504579192958772
so_terminal,M4_fail1_arr25_d1,607/ida,20,7624,29.65634837355719,26.429695697796436,16.52675760755509,False,passos_sem_dados,1280,0.0932067921385169
so_terminal,M0_fail10_arr80_1d,607/ida,200,59777,82.03,79.86,65.455,True,chegada_destino,3608,0.7041426249779761
so_terminal,M1_fail1_arr80_1d,607/ida,200,59777,26.58,26.155,22.03,False,passos_sem_dados,1260,0.29846962494775653
so_terminal,M2_fail1_arr40_1d,607/ida,200,59777,26.58,26.155,22.03,False,passos_sem_dados,1260,0.2804527909029275
so_terminal,M3_fail1_arr25_1d,607/ida,200,59777,26.58,26.155,22.03,False,passos_sem_dados,1260,0.2850907500833273
so_terminal,M4_fail1_arr25_d1,607/ida,200,59777,27.85,27.355,21.985,False,passos_sem_dados,1253,0.27756187482737005
