estrategia,near,far,cfg,n_trips,n_pings,back,dstart,dend,cov15,ok
prog,150,500,303/ida,3347,59430,0.06677356738965314,133.32669847108755,238.1213559621225,93.67,True
prog,150,500,303/volta,3333,59454,0.04926166568222091,102.75311945810856,174.55060163924756,92.96,True
prog,150,500,203/ida,3371,56868,0.09476247617703112,78.04925163242045,283.7058918815782,84.39999999999999,True
prog,150,500,603/ida,3463,34268,0.04857931196430668,104.87051500574445,242.1749726939933,94.575,True
prog,150,500,338/ida,1981,46181,0.2204679888656924,109.91698030951387,176.0756686772742,97.89,True
prog,150,500,505/ida,2332,36127,0.03172924378635643,129.60331735179045,246.33718992561396,95.055,True
prog,150,500,307/ida,1936,41971,0.12654409652398735,105.54285196561017,291.3747723423902,89.8,True
prog,150,500,607/ida,964,59753,0.08793902357128466,148.51297229177942,228.94926931749723,76.285,True
prog,300,1000,303/ida,3340,59426,0.07352891529658014,174.58717816519268,427.7572984516064,92.975,True
prog,300,1000,303/volta,3326,59450,0.054153939618947974,241.08303674939833,347.1234372548541,91.925,True
prog,300,1000,203/ida,3371,56598,0.09296428951381254,138.62754480236538,379.06760586898906,84.775,True
prog,300,1000,603/ida,3464,34066,0.04839662198074765,124.70267865871168,338.27246590395,92.97999999999999,True
prog,300,1000,338/ida,1932,46063,0.21299465823612776,294.6550540458768,418.0338215724072,99.7,True
prog,300,1000,505/ida,3990,37782,0.07588739290085679,258.67403521842385,684.9425873805071,90.17500000000001,True
prog,300,1000,307/ida,1947,41855,0.12343960053773766,270.57774400301963,354.9989001322236,89.045,True
prog,300,1000,607/ida,963,59760,0.09430604982206406,286.2052080513991,346.58442663318675,80.95,True
prog,500,1500,303/ida,3324,59401,0.08197801084257993,476.54859953541245,858.7533609240827,92.035,False
prog,500,1500,303/volta,3326,59455,0.06803800138370936,521.5757561070875,689.6705768111744,91.43,False
prog,500,1500,203/ida,3360,55941,0.09976319471852463,485.04233285676906,561.6501633397361,52.52,True
prog,500,1500,603/ida,3463,34100,0.07660766961651917,465.93624129245796,536.9373723671208,46.615,True
prog,500,1500,338/ida,1923,45797,0.20925438596491228,488.9604658239989,630.7300889388034,99.80499999999999,False
prog,500,1500,505/ida,2222,39211,0.09930532413934531,485.2345550458478,651.159963289721,95.34,False
prog,500,1500,307/ida,1952,41639,0.12451136528159838,359.14220052839687,808.9176467710415,89.45,False
prog,500,1500,607/ida,963,59763,0.0944419264407178,368.13419819847803,906.9760340897215,82.69,False
ancorado,300,1000,303/ida,3143,59419,0.05744292854248278,174.34772397926622,426.5837468132024,93.455,True
ancorado,300,1000,303/volta,3084,59448,0.04801201566086135,240.83671903444935,344.58267329155854,92.225,True
ancorado,300,1000,203/ida,3162,56000,0.0728673835125448,139.06691612106698,372.90067464216867,84.595,True
ancorado,300,1000,603/ida,3398,34074,0.04841471334947157,123.60719948418111,337.96140416937413,92.81,True
ancorado,300,1000,338/ida,1894,45761,0.208348879573338,294.67253012691293,417.4807178160378,99.89,True
ancorado,300,1000,505/ida,2141,37526,0.07024594116701495,298.34972194989194,371.97044141073206,90.96,True
ancorado,300,1000,307/ida,1834,41836,0.12366404880274756,270.97687825011326,353.1361666240712,89.19500000000001,True
ancorado,300,1000,607/ida,837,59763,0.08891761230108104,286.04396680971854,341.1275197888782,81.51,True
per_point,300,1000,303/ida,3340,57774,0.0,174.58717816519268,427.7572984516064,92.28,True
per_point,300,1000,303/volta,3326,56651,0.0,241.08303674939833,347.1234372548541,91.45,True
per_point,300,1000,203/ida,3371,51374,0.0,138.62754480236538,379.06760586898906,87.575,True
per_point,300,1000,603/ida,3464,32452,0.0,124.70267865871168,338.27246590395,95.52000000000001,True
per_point,300,1000,338/ida,1932,36294,0.0,294.6550540458768,418.0338215724072,32.245000000000005,False
per_point,300,1000,505/ida,3990,34938,0.0,258.67403521842385,684.9425873805071,95.14,True
per_point,300,1000,307/ida,1947,36716,0.0,270.57774400301963,354.9989001322236,3.66,False
per_point,300,1000,607/ida,963,57016,0.0,286.2052080513991,346.58442663318675,79.94,True
