faixa,n,speed,centro,pct
"(0, 25]",98449,7.321303191748225,12.5,3.058327511216829
"(25, 50]",126941,13.265538409218303,37.5,3.9434341903053918
"(50, 75]",84296,15.396592359756351,62.5,2.618663225482573
"(75, 100]",64354,22.79028734426251,87.5,1.9991631063479347
"(100, 150]",98523,22.82427340219252,125.0,3.060626328226957
"(150, 200]",70834,26.59563604769474,175.0,2.200464920207751
"(200, 300]",131134,25.31419990347193,250.0,4.073690132514375
"(300, 400]",101918,28.265867290628464,350.0,3.16609232484024
"(400, 500]",139536,29.674049710894195,450.0,4.334699058448043
"(500, 750]",318580,26.668436618662632,625.0,9.896717879546339
"(750, 1000]",386786,27.29607475309897,875.0,12.01554373079983
"(1000, 1500]",736580,26.422421418581163,1250.0,22.881927477293747
"(1500, 2000]",861116,26.15420388657477,1750.0,26.750650114769993
